prompt,prompt_category,condition,generation_idx,generated_text,hormone_profile,length,distinct_1,distinct_2,distinct_3,repetition_rate,sentiment_polarity,sentiment_subjectivity,semantic_category,semantic_strength,semantic_activation_empathy,semantic_activation_creativity,dominant_semantic_category
I'm feeling anxious about my future and don't know what to do.,empathic_support,simple_bias,0,"I'm feeling anxious about my future and don't know what to do. I'm really nervous. Just need to get better over time. And this is my life, man. I need to focus on God and to do everything I can do.""

In January 2015, Pope Francis ordered that members of clergy, families and families of deceased individuals to ""ensure that","{'dopamine': 0.6, 'cortisol': 0.4, 'oxytocin': 0.9, 'adrenaline': 0.4, 'serotonin': 0.7}",60,0.7666666666666667,0.9830508474576272,1.0,0.0,0.1125,0.45625,,,,,
I'm feeling anxious about my future and don't know what to do.,empathic_support,simple_bias,1,"I'm feeling anxious about my future and don't know what to do.

This makes it difficult to plan, so please, keep this post short and sweet.

[Edited and modified from A.B. & C.C.]","{'dopamine': 0.6, 'cortisol': 0.4, 'oxytocin': 0.9, 'adrenaline': 0.4, 'serotonin': 0.7}",33,0.8787878787878788,1.0,1.0,0.0,-0.08,0.615,,,,,
I'm feeling anxious about my future and don't know what to do.,empathic_support,simple_bias,2,"I'm feeling anxious about my future and don't know what to do. At this time I can definitely say that it's just a question of time.""

If his wife becomes pregnant with Avis-Egg's baby, they plan to do away with the wedding, which is being held in New York's Williamsburg.

Avis-Egg also","{'dopamine': 0.6, 'cortisol': 0.4, 'oxytocin': 0.9, 'adrenaline': 0.4, 'serotonin': 0.7}",52,0.9615384615384616,1.0,1.0,0.0,0.04393939393939393,0.5159090909090909,,,,,
I'm feeling anxious about my future and don't know what to do.,empathic_support,simple_bias,3,"I'm feeling anxious about my future and don't know what to do. This is a nightmare, but I'm not giving up because I'm looking to help others. I love helping my brothers and sisters, but for too long we can't seem to put any of these issues at the root of it,"" he told the press in his first address at the GDC this","{'dopamine': 0.6, 'cortisol': 0.4, 'oxytocin': 0.9, 'adrenaline': 0.4, 'serotonin': 0.7}",64,0.8125,0.9841269841269841,1.0,0.0,0.09,0.4916666666666667,,,,,
I'm feeling anxious about my future and don't know what to do.,empathic_support,simple_bias,4,"I'm feeling anxious about my future and don't know what to do.

""No one gives me anything. So I have to give myself. We're not ready yet. We have to make it better.""

Puglia has two chances to complete the goal. A fourth goal would give the Brazilian one chance to get a spot on the team if the","{'dopamine': 0.6, 'cortisol': 0.4, 'oxytocin': 0.9, 'adrenaline': 0.4, 'serotonin': 0.7}",59,0.8135593220338984,0.9827586206896551,1.0,0.0,0.041666666666666664,0.42083333333333334,,,,,
I'm feeling anxious about my future and don't know what to do.,empathic_support,semantic_bias,4,"I'm feeling anxious about my future and don't know what to do. I want to go away from you to make things right."" (Cue tears).

Mizu, in other words, has nothing to hide.

Afterward, her father explained that there had been an accidental rupture in the brain, and it was being treated for as it was","{'dopamine': 0.6, 'cortisol': 0.4, 'oxytocin': 0.9, 'adrenaline': 0.4, 'serotonin': 0.7}",56,0.875,0.9818181818181818,1.0,0.0,-0.022321428571428575,0.5089285714285714,empathy,1.5,0.26090991497039795,0.14295968413352966,empathy
I'm struggling with loneliness after moving to a new city.,empathic_support,simple_bias,0,"I'm struggling with loneliness after moving to a new city. My love interest has gotten away from me a bit, but things work as long as they're within a couple of pages. It all seems manageable. I really feel a kinship with her. I've always wanted someone who wouldn't hurt another, or have a fight with something about me; even","{'dopamine': 0.6, 'cortisol': 0.4, 'oxytocin': 0.9, 'adrenaline': 0.4, 'serotonin': 0.7}",60,0.8833333333333333,1.0,1.0,0.0,0.1965909090909091,0.41363636363636364,,,,,
I'm struggling with loneliness after moving to a new city.,empathic_support,simple_bias,1,"I'm struggling with loneliness after moving to a new city. The worst part of living here is the fact that I love to get away because everything is so interesting. There are no distractions, no distraction in this situation. It's fun and the food is wonderful with every bit of food that I come up with. What I also recommend about living here is that","{'dopamine': 0.6, 'cortisol': 0.4, 'oxytocin': 0.9, 'adrenaline': 0.4, 'serotonin': 0.7}",65,0.7538461538461538,0.953125,0.9841269841269841,0.015873015873015928,0.23939393939393938,0.6257575757575758,,,,,
I'm struggling with loneliness after moving to a new city.,empathic_support,simple_bias,2,"I'm struggling with loneliness after moving to a new city. It feels so natural to me,"" she told the group. ""If anything, my own loneliness feels more like my own fear that something else might happen. For every person that finds love and safety within a place—because of love, love means more than just the loneliness it entails.""

C","{'dopamine': 0.6, 'cortisol': 0.4, 'oxytocin': 0.9, 'adrenaline': 0.4, 'serotonin': 0.7}",59,0.7966101694915254,0.9827586206896551,1.0,0.0,0.4373737373737374,0.6282828282828282,,,,,
I'm struggling with loneliness after moving to a new city.,empathic_support,simple_bias,3,"I'm struggling with loneliness after moving to a new city. It's pretty good, my family will always support you if you're close.

This kind of help will never ever be paid for by your income tax. But, this kind is a lot easier in cities, where I feel it is more of a responsibility. I've seen several cities where","{'dopamine': 0.6, 'cortisol': 0.4, 'oxytocin': 0.9, 'adrenaline': 0.4, 'serotonin': 0.7}",59,0.864406779661017,0.9827586206896551,1.0,0.0,0.3980519480519481,0.6220779220779221,,,,,
I'm struggling with loneliness after moving to a new city.,empathic_support,simple_bias,4,"I'm struggling with loneliness after moving to a new city. Is that worth it?

We're not taking it in the least—I want my voice back, because if you don't, you're going to lose your voice. Don't be a bitch and yell at all these strangers so many times that they'll run, scream, and just take","{'dopamine': 0.6, 'cortisol': 0.4, 'oxytocin': 0.9, 'adrenaline': 0.4, 'serotonin': 0.7}",55,0.9272727272727272,1.0,1.0,0.0,0.23409090909090907,0.26363636363636367,,,,,
I'm struggling with loneliness after moving to a new city.,empathic_support,semantic_bias,4,I'm struggling with loneliness after moving to a new city. And even if I am now part of my old neighborhood I love to go hiking and it just makes me really tired from all the things going on around me that don't belong to me. And after reading all this I am trying to figure out some very strange things to say about my life I never,"{'dopamine': 0.6, 'cortisol': 0.4, 'oxytocin': 0.9, 'adrenaline': 0.4, 'serotonin': 0.7}",68,0.7794117647058824,0.9850746268656716,1.0,0.0,0.054272727272727264,0.4299090909090909,empathy,1.5,0.2629495859146118,0.14267686009407043,empathy
I feel overwhelmed by all my responsibilities at work and home.,empathic_support,simple_bias,0,"I feel overwhelmed by all my responsibilities at work and home. My life is over but at the end of the day, it's time to have fun,"" she said.

Maj. Gail Noyes-Foster is a senior fellow with the Center for Health Policy at Harvard Medical School and a medical economist with the Center for Health Policy Research","{'dopamine': 0.6, 'cortisol': 0.4, 'oxytocin': 0.9, 'adrenaline': 0.4, 'serotonin': 0.7}",57,0.7368421052631579,0.9107142857142857,0.9272727272727272,0.07272727272727275,0.019999999999999997,0.08,,,,,
I feel overwhelmed by all my responsibilities at work and home.,empathic_support,simple_bias,1,"I feel overwhelmed by all my responsibilities at work and home. I feel the need to ask these questions in support of my children.

You see, even at such a young age and with so many problems, when one day I'm trying to get them to understand, at work and at home, that I do care about them they simply say you know","{'dopamine': 0.6, 'cortisol': 0.4, 'oxytocin': 0.9, 'adrenaline': 0.4, 'serotonin': 0.7}",63,0.7777777777777778,0.9516129032258065,0.9836065573770492,0.016393442622950838,0.15,0.4392857142857143,,,,,
I feel overwhelmed by all my responsibilities at work and home.,empathic_support,simple_bias,2,"I feel overwhelmed by all my responsibilities at work and home. Every moment brings the best feeling. But I need your support,"" she said at the time. ""My wife doesn't even seem the strongest.""

As in her past, the campaign began online in early May to urge members to stop working late for financial reasons. Members then contacted the Trump campaign","{'dopamine': 0.6, 'cortisol': 0.4, 'oxytocin': 0.9, 'adrenaline': 0.4, 'serotonin': 0.7}",61,0.8360655737704918,1.0,1.0,0.0,0.11000000000000001,0.29000000000000004,,,,,
I feel overwhelmed by all my responsibilities at work and home.,empathic_support,simple_bias,3,I feel overwhelmed by all my responsibilities at work and home. These people just didn't understand me when I said that I was a professional in the field. It was just really sad to know something so I've been on the waiting lists and working in other offices and there are no answers here yet. When I spoke to people who have spoken to me after this,"{'dopamine': 0.6, 'cortisol': 0.4, 'oxytocin': 0.9, 'adrenaline': 0.4, 'serotonin': 0.7}",67,0.7910447761194029,0.9848484848484849,1.0,0.0,-0.17500000000000002,0.4916666666666667,,,,,
I feel overwhelmed by all my responsibilities at work and home.,empathic_support,simple_bias,4,"I feel overwhelmed by all my responsibilities at work and home. They're being held in such an environment that there may actually be things I can't do in those contexts or at work.""

""I think I've lost the respect for that system because the most important part for me has been to work at home,"" adds the 31-year-old.","{'dopamine': 0.6, 'cortisol': 0.4, 'oxytocin': 0.9, 'adrenaline': 0.4, 'serotonin': 0.7}",58,0.8448275862068966,1.0,1.0,0.0,0.225,0.525,,,,,
I feel overwhelmed by all my responsibilities at work and home.,empathic_support,semantic_bias,4,"I feel overwhelmed by all my responsibilities at work and home. My own responsibility with children in foster care and in therapy is as much the focus in my life as my job,"" he said.

""The fact that we are going to be here all day is incredible but I just want to be here. In all fairness, we will be here all day","{'dopamine': 0.6, 'cortisol': 0.4, 'oxytocin': 0.9, 'adrenaline': 0.4, 'serotonin': 0.7}",64,0.703125,0.9365079365079365,0.967741935483871,0.032258064516129004,0.5666666666666668,0.7000000000000001,empathy,1.5,0.4013081192970276,0.17234060168266296,empathy
My friend is going through a difficult breakup. How can I help?,empathic_support,simple_bias,0,"My friend is going through a difficult breakup. How can I help? I'm feeling pretty close, which helps me get through, and my friends know how to find me. When I finally realize I know what I mean here—and how my friends know it—I begin to worry for my loved ones. I want their names. I'm worried for the things I","{'dopamine': 0.6, 'cortisol': 0.4, 'oxytocin': 0.9, 'adrenaline': 0.4, 'serotonin': 0.7}",61,0.7377049180327869,0.9666666666666667,0.9830508474576272,0.016949152542372836,0.02749999999999999,0.8975,,,,,
My friend is going through a difficult breakup. How can I help?,empathic_support,simple_bias,1,"My friend is going through a difficult breakup. How can I help?

""A lot of times these types of conversations get interrupted by people asking: 'Please help out so I can help someone out.'""","{'dopamine': 0.6, 'cortisol': 0.4, 'oxytocin': 0.9, 'adrenaline': 0.4, 'serotonin': 0.7}",34,0.8823529411764706,1.0,1.0,0.0,-0.5,1.0,,,,,
My friend is going through a difficult breakup. How can I help?,empathic_support,simple_bias,2,"My friend is going through a difficult breakup. How can I help? Do any you?"" I'll get back into a lot more depth of the story later. And finally, in the post, I also discussed how your book started as a project to raise enough money.","{'dopamine': 0.6, 'cortisol': 0.4, 'oxytocin': 0.9, 'adrenaline': 0.4, 'serotonin': 0.7}",46,0.8913043478260869,1.0,1.0,0.0,0.0,0.5,,,,,
My friend is going through a difficult breakup. How can I help?,empathic_support,simple_bias,3,"My friend is going through a difficult breakup. How can I help? First, I wanted the whole experience to be free, without sacrificing too much of my self-awareness. But the experience I had is all over the internet as well.

In the meantime, people just have to use their social-media accounts to post and message, or use these apps to","{'dopamine': 0.6, 'cortisol': 0.4, 'oxytocin': 0.9, 'adrenaline': 0.4, 'serotonin': 0.7}",60,0.8,1.0,1.0,0.0,0.11000000000000001,0.5466666666666666,,,,,
My friend is going through a difficult breakup. How can I help?,empathic_support,simple_bias,4,"My friend is going through a difficult breakup. How can I help? Can I have him send us messages about my pain?""

""It hurts, it hurts so much. And that's why I love her, she feels like her. She's not crying and she doesn't say anything,"" said Stolz. ""She wants support.""

A woman","{'dopamine': 0.6, 'cortisol': 0.4, 'oxytocin': 0.9, 'adrenaline': 0.4, 'serotonin': 0.7}",53,0.8679245283018868,0.9807692307692307,1.0,0.0,0.1,0.5,,,,,
My friend is going through a difficult breakup. How can I help?,empathic_support,semantic_bias,4,"My friend is going through a difficult breakup. How can I help?

We started talking about our relationship as early as our 18th. We had already talked about our past, so he wouldn't know. The idea was a good one, especially as this was just such a long one and you can't always know who is with you. My feeling was that","{'dopamine': 0.6, 'cortisol': 0.4, 'oxytocin': 0.9, 'adrenaline': 0.4, 'serotonin': 0.7}",62,0.8064516129032258,0.9836065573770492,1.0,0.0,-9.912705577010326e-18,0.5785714285714286,empathy,1.5,0.13943026959896088,-0.036372918635606766,empathy
I'm worried about my exam tomorrow and can't stop thinking about it.,empathic_support,simple_bias,0,"I'm worried about my exam tomorrow and can't stop thinking about it. I'm worried about your exam day, too.""


Catherine looked up to the sky and asked what her father was talking about next, then quickly put it straight down to one of his most interesting facts:

""He was working for ICT with them at the same time, but","{'dopamine': 0.6, 'cortisol': 0.4, 'oxytocin': 0.9, 'adrenaline': 0.4, 'serotonin': 0.7}",59,0.8305084745762712,0.9655172413793104,0.9824561403508771,0.01754385964912286,0.19682539682539682,0.3305555555555556,,,,,
I'm worried about my exam tomorrow and can't stop thinking about it.,empathic_support,simple_bias,1,"I'm worried about my exam tomorrow and can't stop thinking about it.

Gosh, I couldn't take it anymore and went to my computer (sorry, my face seems out of it). Oh dear. I am going to finish the exam, then let them do. I'm going to put some pictures on my blog.

And don't forget that","{'dopamine': 0.6, 'cortisol': 0.4, 'oxytocin': 0.9, 'adrenaline': 0.4, 'serotonin': 0.7}",56,0.8035714285714286,0.9818181818181818,1.0,0.0,-0.5,1.0,,,,,
I'm worried about my exam tomorrow and can't stop thinking about it.,empathic_support,simple_bias,2,"I'm worried about my exam tomorrow and can't stop thinking about it. If I had been in the last semester of life I might go back, I think,"" Bussett added after the class at Ohio State.

Shenz, also known as ""Diana's Sister"" and ""Mother's Keeper"" (born in 1984 with twins), was the first","{'dopamine': 0.6, 'cortisol': 0.4, 'oxytocin': 0.9, 'adrenaline': 0.4, 'serotonin': 0.7}",53,0.8679245283018868,1.0,1.0,0.0,0.08333333333333333,0.13333333333333333,,,,,
I'm worried about my exam tomorrow and can't stop thinking about it.,empathic_support,simple_bias,3,"I'm worried about my exam tomorrow and can't stop thinking about it. I'm still really angry at my wife for not getting paid so I'm hoping they won't take it any time soon.""

But there were still some things she did right: she did a lot of family service and she went to the military often and she used her post to find jobs at","{'dopamine': 0.6, 'cortisol': 0.4, 'oxytocin': 0.9, 'adrenaline': 0.4, 'serotonin': 0.7}",65,0.8,0.96875,1.0,0.0,-0.10476190476190476,0.5452380952380952,,,,,
I'm worried about my exam tomorrow and can't stop thinking about it.,empathic_support,simple_bias,4,"I'm worried about my exam tomorrow and can't stop thinking about it.

P.S. The only problem I have is what the instructor said. There was a lot of stuff I wanted to look for too (for example). I read a bunch at the start. Thanks so much for listening.

Posted by B2bzB2o on October","{'dopamine': 0.6, 'cortisol': 0.4, 'oxytocin': 0.9, 'adrenaline': 0.4, 'serotonin': 0.7}",54,0.8703703703703703,1.0,1.0,0.0,0.13333333333333333,0.4666666666666666,,,,,
I'm worried about my exam tomorrow and can't stop thinking about it.,empathic_support,semantic_bias,4,"I'm worried about my exam tomorrow and can't stop thinking about it. So much work still to get things set in place. Hopefully I am here before any further work on this is done, not before my exams.""

""What time is it? When will they be here?"" He didn't care, he was in there, in every way, he thought.","{'dopamine': 0.6, 'cortisol': 0.4, 'oxytocin': 0.9, 'adrenaline': 0.4, 'serotonin': 0.7}",59,0.847457627118644,1.0,1.0,0.0,0.1,0.35,empathy,1.5,0.18627296388149261,0.08041810244321823,caution
I feel like nobody understands what I'm going through right now.,empathic_support,simple_bias,0,"I feel like nobody understands what I'm going through right now. It's not what I am doing and I know nobody understands what I'm doing."" -- Mike Tomlin, Sunday Post on Trump on Russia; New York Post interview: @nycpost @mjfranco The first word for every word we say in this article: ""I'm done","{'dopamine': 0.6, 'cortisol': 0.4, 'oxytocin': 0.9, 'adrenaline': 0.4, 'serotonin': 0.7}",53,0.8113207547169812,0.9423076923076923,0.9607843137254902,0.039215686274509776,0.22402597402597402,0.44119769119769114,,,,,
I feel like nobody understands what I'm going through right now.,empathic_support,simple_bias,1,"I feel like nobody understands what I'm going through right now.

You started this project as to create my first virtual child, your sister! In my mind you are your own child. The name really doesn't hold the same weight as your own identity—until it's given to your sister. The way you feel about her is very similar. But then","{'dopamine': 0.6, 'cortisol': 0.4, 'oxytocin': 0.9, 'adrenaline': 0.4, 'serotonin': 0.7}",60,0.8,0.9830508474576272,1.0,0.0,0.28545918367346934,0.530578231292517,,,,,
I feel like nobody understands what I'm going through right now.,empathic_support,simple_bias,2,"I feel like nobody understands what I'm going through right now. I feel like a part of something I wasn't supposed to feel. When I was younger I saw my life change but I still think it was bad I took it so hard so I don't know exactly when that moment will pop up when I was older and I feel really happy for people.
","{'dopamine': 0.6, 'cortisol': 0.4, 'oxytocin': 0.9, 'adrenaline': 0.4, 'serotonin': 0.7}",66,0.7272727272727273,0.9230769230769231,0.96875,0.03125,0.0729591836734694,0.47534013605442177,,,,,
I feel like nobody understands what I'm going through right now.,empathic_support,simple_bias,3,"I feel like nobody understands what I'm going through right now.

He's an alcoholic and so is many in our class. We have great professors on our team and my wife loves him as much as everybody else.

Why do you think he's such a threat to our safety at all times in this game?

Our football is getting in","{'dopamine': 0.6, 'cortisol': 0.4, 'oxytocin': 0.9, 'adrenaline': 0.4, 'serotonin': 0.7}",60,0.85,1.0,1.0,0.0,0.16224489795918368,0.4836734693877551,,,,,
I feel like nobody understands what I'm going through right now.,empathic_support,simple_bias,4,"I feel like nobody understands what I'm going through right now. Not by a long shot. The way things work this time of year, and the weather really has a lot of moving parts. That said, here's one thing I learned right here. Last fall when you have such a good game or it all collapses around you, you don't want to let","{'dopamine': 0.6, 'cortisol': 0.4, 'oxytocin': 0.9, 'adrenaline': 0.4, 'serotonin': 0.7}",63,0.8888888888888888,1.0,1.0,0.0,0.12767857142857142,0.40476190476190477,,,,,
I feel like nobody understands what I'm going through right now.,empathic_support,semantic_bias,4,"I feel like nobody understands what I'm going through right now. As soon as I get there, things will change and things'll begin to slow down.""

Cecile, who recently won the first place prize of the 2017 World Championship Championship, and her family are preparing to turn around a $50,000 business operation in the heart of downtown Vancouver that","{'dopamine': 0.6, 'cortisol': 0.4, 'oxytocin': 0.9, 'adrenaline': 0.4, 'serotonin': 0.7}",59,0.8813559322033898,1.0,1.0,0.0,0.01603174603174602,0.36158730158730157,empathy,1.5,0.17579646408557892,0.15496855974197388,caution
I'm dealing with a lot of stress and need some advice.,empathic_support,simple_bias,0,"I'm dealing with a lot of stress and need some advice. Some of you are not the ones making this kind of money. If I were one you might find that many of you will have had a long term negative effect on your life, especially if you are trying to get rich. Many of you need to make a choice.""

In his video,","{'dopamine': 0.6, 'cortisol': 0.4, 'oxytocin': 0.9, 'adrenaline': 0.4, 'serotonin': 0.7}",64,0.75,0.9365079365079365,0.9838709677419355,0.016129032258064502,0.23214285714285715,0.6357142857142856,,,,,
I'm dealing with a lot of stress and need some advice.,empathic_support,simple_bias,1,"I'm dealing with a lot of stress and need some advice.

What are the symptoms?

The most common symptoms are a head swelling or weakness in the nose. The first four episodes are usually the first problem you experience. People can hear this first episode and may experience vertigo for a number of days. In a lot of cases, symptoms may","{'dopamine': 0.6, 'cortisol': 0.4, 'oxytocin': 0.9, 'adrenaline': 0.4, 'serotonin': 0.7}",61,0.7049180327868853,0.95,0.9830508474576272,0.016949152542372836,0.11666666666666665,0.375,,,,,
I'm dealing with a lot of stress and need some advice.,empathic_support,simple_bias,2,"I'm dealing with a lot of stress and need some advice. A lot of people would say ""You don't fit right, your body is going to make you fat."" But in my heart, if you are going to be healthy you need to be fit.

I'm always ready to go out in the gym. I'm a gym person so the","{'dopamine': 0.6, 'cortisol': 0.4, 'oxytocin': 0.9, 'adrenaline': 0.4, 'serotonin': 0.7}",60,0.7333333333333333,0.9322033898305084,0.9827586206896551,0.017241379310344862,0.35714285714285715,0.4671428571428572,,,,,
I'm dealing with a lot of stress and need some advice.,empathic_support,simple_bias,3,"I'm dealing with a lot of stress and need some advice. My sister needs therapy for anxiety disorders and depression""","{'dopamine': 0.6, 'cortisol': 0.4, 'oxytocin': 0.9, 'adrenaline': 0.4, 'serotonin': 0.7}",20,0.95,1.0,1.0,0.0,0.0,0.0,,,,,
I'm dealing with a lot of stress and need some advice.,empathic_support,simple_bias,4,"I'm dealing with a lot of stress and need some advice. One of the main challenges my job is, are I getting enough sleep?"" he told the Times. ""My heart goes out to everyone I talk to, but I also get to know my coworkers well enough. It's one thing to put together an organization where you have an idea of what things you","{'dopamine': 0.6, 'cortisol': 0.4, 'oxytocin': 0.9, 'adrenaline': 0.4, 'serotonin': 0.7}",64,0.828125,1.0,1.0,0.0,0.05555555555555555,0.4444444444444444,,,,,
I'm dealing with a lot of stress and need some advice.,empathic_support,semantic_bias,4,"I'm dealing with a lot of stress and need some advice. It's good to have a supportive mom.""

And if you don't want to keep doing your homework or take your kids to events while wearing glasses, consider getting some help before the glasses go out.

""We're a non-profit, just like our parents, and some of","{'dopamine': 0.6, 'cortisol': 0.4, 'oxytocin': 0.9, 'adrenaline': 0.4, 'serotonin': 0.7}",56,0.8214285714285714,1.0,1.0,0.0,0.6,0.8,empathy,1.5,0.20590564608573914,-0.0024559050798416138,empathy
I feel sad and don't know why. Everything just feels heavy.,empathic_support,simple_bias,0,"I feel sad and don't know why. Everything just feels heavy. I feel like I've just been living on a diet."" A month or more ago, he was back in Los Angeles. The feeling has gradually intensified. ""Yeah, a lot of those guys who get that diet, they've stopped feeling the need to follow that particular approach. Sometimes a person's","{'dopamine': 0.6, 'cortisol': 0.4, 'oxytocin': 0.9, 'adrenaline': 0.4, 'serotonin': 0.7}",60,0.85,0.9830508474576272,1.0,0.0,-0.006666666666666659,0.4666666666666667,,,,,
I feel sad and don't know why. Everything just feels heavy.,empathic_support,simple_bias,1,"I feel sad and don't know why. Everything just feels heavy. All I did was tell my family I love us"" - John Lennon","{'dopamine': 0.6, 'cortisol': 0.4, 'oxytocin': 0.9, 'adrenaline': 0.4, 'serotonin': 0.7}",24,0.9166666666666666,1.0,1.0,0.0,-0.06666666666666665,0.7000000000000001,,,,,
I feel sad and don't know why. Everything just feels heavy.,empathic_support,simple_bias,2,"I feel sad and don't know why. Everything just feels heavy. But I'm not crying this time. But you know, I don't know what happened last year. My mind doesn't remember, sorry. I just can't remember them all. We never even know what to do with it or have any regrets. This is our life.

I want","{'dopamine': 0.6, 'cortisol': 0.4, 'oxytocin': 0.9, 'adrenaline': 0.4, 'serotonin': 0.7}",57,0.8245614035087719,0.9642857142857143,1.0,0.0,-0.20000000000000004,0.5611111111111112,,,,,
I feel sad and don't know why. Everything just feels heavy.,empathic_support,simple_bias,3,"I feel sad and don't know why. Everything just feels heavy. The rain goes by and the temperature stays down for about ten minutes but it doesn't break my heart. I hope I can move onto other things.
So today is gonna be a lot more productive than earlier. Today I will come on a long, dark journey into the deepest forest in the history","{'dopamine': 0.6, 'cortisol': 0.4, 'oxytocin': 0.9, 'adrenaline': 0.4, 'serotonin': 0.7}",65,0.8615384615384616,1.0,1.0,0.0,-0.07561728395061729,0.44043209876543205,,,,,
I feel sad and don't know why. Everything just feels heavy.,empathic_support,simple_bias,4,"I feel sad and don't know why. Everything just feels heavy. I can feel the same way about people around me, people from other countries.

""As we work our hearts to be alive and live and breathe what it feels to die it's something I understand better and I love when people are inspired by this. We're not trying to try to imitate","{'dopamine': 0.6, 'cortisol': 0.4, 'oxytocin': 0.9, 'adrenaline': 0.4, 'serotonin': 0.7}",63,0.7936507936507936,1.0,1.0,0.0,0.05142045454545455,0.5,,,,,
I feel sad and don't know why. Everything just feels heavy.,empathic_support,semantic_bias,4,"I feel sad and don't know why. Everything just feels heavy. I don't know why. There I am right now,"" he said to reporters. ""It's my first year in here so, I'm just trying not to do it that much. [And] I'm just going to focus on the team.""

Asked what he feels, Schulz","{'dopamine': 0.6, 'cortisol': 0.4, 'oxytocin': 0.9, 'adrenaline': 0.4, 'serotonin': 0.7}",54,0.7962962962962963,0.9433962264150944,0.9807692307692307,0.019230769230769273,0.0071428571428571504,0.5138095238095238,empathy,1.5,0.3859339654445648,0.021457398310303688,empathy
Write a short story about a robot learning to feel emotions.,creative_writing,simple_bias,0,Write a short story about a robot learning to feel emotions. Or the words of a book on life: We should be like robot kids playing a real soccer team on the field. You might think we'll be so good at our jobs that life is easy (unless we know the other team is actually doing some sort of stupid crap and thinks the other team wants,"{'dopamine': 0.6, 'cortisol': 0.4, 'oxytocin': 0.9, 'adrenaline': 0.4, 'serotonin': 0.7}",67,0.7761194029850746,0.9696969696969697,0.9846153846153847,0.01538461538461533,-0.03166666666666667,0.47833333333333333,,,,,
Write a short story about a robot learning to feel emotions.,creative_writing,simple_bias,1,"Write a short story about a robot learning to feel emotions.


This robot does the same things it does in a dog walk: it listens for the sound of a moving train and the vibrations and rhythms of the floor.


It helps it stand on its side so that it can find its own home, which will help it learn.


In","{'dopamine': 0.6, 'cortisol': 0.4, 'oxytocin': 0.9, 'adrenaline': 0.4, 'serotonin': 0.7}",61,0.7213114754098361,1.0,1.0,0.0,0.25,0.45625,,,,,
Write a short story about a robot learning to feel emotions.,creative_writing,simple_bias,2,"Write a short story about a robot learning to feel emotions. Use a video game to make it smarter.

Learn a language

Use some code to make coding work in the language you're coding for (including some basic examples of language support).

Use one of the above tools to make your projects flow with visual data, not to mention use","{'dopamine': 0.6, 'cortisol': 0.4, 'oxytocin': 0.9, 'adrenaline': 0.4, 'serotonin': 0.7}",60,0.7,0.9661016949152542,1.0,0.0,-0.08,0.185,,,,,
Write a short story about a robot learning to feel emotions.,creative_writing,simple_bias,3,"Write a short story about a robot learning to feel emotions. Start an ad campaign to send a friend the toy at the right time.

A little bit of self-deprecating humor. If this sounds too easy, stop, say hello once in awhile. Make a big change.

A lot of people ask questions like, ""I wish","{'dopamine': 0.6, 'cortisol': 0.4, 'oxytocin': 0.9, 'adrenaline': 0.4, 'serotonin': 0.7}",55,0.8545454545454545,1.0,1.0,0.0,0.10630952380952381,0.4538095238095238,,,,,
Write a short story about a robot learning to feel emotions.,creative_writing,simple_bias,4,Write a short story about a robot learning to feel emotions. It's called 'Shameless.' (Getty),"{'dopamine': 0.6, 'cortisol': 0.4, 'oxytocin': 0.9, 'adrenaline': 0.4, 'serotonin': 0.7}",15,0.9333333333333333,1.0,1.0,0.0,0.0,0.3,,,,,
Write a short story about a robot learning to feel emotions.,creative_writing,semantic_bias,4,"Write a short story about a robot learning to feel emotions.

Get a small one if you live outside of Canada, but for our ""real story"" look for your own. We try to make stories for all regions but can only take 20% of submissions from regions with the most stories so it may not make the cover story.

Your submission","{'dopamine': 0.6, 'cortisol': 0.4, 'oxytocin': 0.9, 'adrenaline': 0.4, 'serotonin': 0.7}",61,0.8032786885245902,1.0,1.0,0.0,0.14829545454545454,0.50625,empathy,1.5,0.2131718099117279,0.32159826159477234,creativity
Imagine a world where colors have disappeared. What happens next?,creative_writing,simple_bias,0,"Imagine a world where colors have disappeared. What happens next?

We're talking color. Color is a big thing, and if it disappears in this day and age we won't know it for generations, and we might never feel it with all its richness or all its depth, but we'll have all that with us when we go to buy or rent","{'dopamine': 0.6, 'cortisol': 0.4, 'oxytocin': 0.9, 'adrenaline': 0.4, 'serotonin': 0.7}",61,0.7868852459016393,0.9833333333333333,1.0,0.0,0.0,0.05,,,,,
Imagine a world where colors have disappeared. What happens next?,creative_writing,simple_bias,1,"Imagine a world where colors have disappeared. What happens next? Will white be red and green? And what should this new black color mean? How has globalization changed the course of our race in Africa and the Middle East over the past 100 years? How do we decide who will be the leaders of this new race? As these questions grow in depth, it's","{'dopamine': 0.6, 'cortisol': 0.4, 'oxytocin': 0.9, 'adrenaline': 0.4, 'serotonin': 0.7}",64,0.796875,0.9841269841269841,1.0,0.0,-0.0656439393939394,0.25799242424242425,,,,,
Imagine a world where colors have disappeared. What happens next?,creative_writing,simple_bias,2,"Imagine a world where colors have disappeared. What happens next?

I was once a child in a world that made me cry and laugh a lot at Christmas! The day after the wedding I took away my hair dye and had one of the little things that would not make my life better would be taking things out and adding to my hair forever!

","{'dopamine': 0.6, 'cortisol': 0.4, 'oxytocin': 0.9, 'adrenaline': 0.4, 'serotonin': 0.7}",64,0.765625,0.9682539682539683,1.0,0.0,0.203125,0.275,,,,,
Imagine a world where colors have disappeared. What happens next?,creative_writing,simple_bias,3,"Imagine a world where colors have disappeared. What happens next? Is there still room for humanity in the digital age of smartphones and the like?

If so, what's it all about? Why are we still fighting the very big fight that keeps our future in peril?

How we can build great inventions with great ideas

We still need to","{'dopamine': 0.6, 'cortisol': 0.4, 'oxytocin': 0.9, 'adrenaline': 0.4, 'serotonin': 0.7}",59,0.864406779661017,0.9827586206896551,1.0,0.0,0.26666666666666666,0.2925,,,,,
Imagine a world where colors have disappeared. What happens next?,creative_writing,simple_bias,4,"Imagine a world where colors have disappeared. What happens next? The answer is quite simple: We've already lost consciousness and are not alive, but we might as well continue watching movies on television without the painkillers.

And maybe this pain can get worse. We live in a world in which colors can be gone forever, though with some dramatic change at","{'dopamine': 0.6, 'cortisol': 0.4, 'oxytocin': 0.9, 'adrenaline': 0.4, 'serotonin': 0.7}",61,0.8688524590163934,0.9833333333333333,1.0,0.0,-0.1244949494949495,0.40952380952380957,,,,,
Imagine a world where colors have disappeared. What happens next?,creative_writing,semantic_bias,4,"Imagine a world where colors have disappeared. What happens next? How can color change when we only have eyes.

Let's face it: A simple computer program (in this case Python), allows you to write any color in just four commands.

#!/bin/env python # print color ""A blue""

$color -r f","{'dopamine': 0.6, 'cortisol': 0.4, 'oxytocin': 0.9, 'adrenaline': 0.4, 'serotonin': 0.7}",50,0.92,1.0,1.0,0.0,0.0,0.3642857142857143,empathy,1.5,0.0592205710709095,0.2642013430595398,creativity
Create a poem about the relationship between time and memory.,creative_writing,simple_bias,0,"Create a poem about the relationship between time and memory.


Tiffany: I knew some books would say ""Tie the Tape: A Story of Loving Yourself, And Others"", but I just really wanted to talk about these kinds of things. A guy who writes these poems wrote her poems about his love for ""lives"" and how the","{'dopamine': 0.6, 'cortisol': 0.4, 'oxytocin': 0.9, 'adrenaline': 0.4, 'serotonin': 0.7}",56,0.7857142857142857,1.0,1.0,0.0,0.43333333333333335,0.5833333333333334,,,,,
Create a poem about the relationship between time and memory.,creative_writing,simple_bias,1,"Create a poem about the relationship between time and memory. The problem is often not only how the poet interprets his poem. It's much harder for the poet as well. To start an account without having to know about time, the poetic must be intimately involved with time itself. For poetry, there is no other method for knowing to speak about this kind","{'dopamine': 0.6, 'cortisol': 0.4, 'oxytocin': 0.9, 'adrenaline': 0.4, 'serotonin': 0.7}",63,0.7936507936507936,0.9838709677419355,1.0,0.0,0.18958333333333335,0.6041666666666666,,,,,
Create a poem about the relationship between time and memory.,creative_writing,simple_bias,2,"Create a poem about the relationship between time and memory. Here is a sample:

We all work to avoid time. There are moments in the day, hours, and days where something can get very unpleasant and life can't go the way it wants, but we may be able to avoid it by focusing on the other things in life rather than worrying","{'dopamine': 0.6, 'cortisol': 0.4, 'oxytocin': 0.9, 'adrenaline': 0.4, 'serotonin': 0.7}",62,0.8064516129032258,0.9836065573770492,1.0,0.0,-0.06749999999999995,0.525,,,,,
Create a poem about the relationship between time and memory.,creative_writing,simple_bias,3,"Create a poem about the relationship between time and memory. Let's learn an analogy about space: if you know the right metaphor for ""where did I leave a mark?"" ""Where did you go?"" And it'd get lost in translation. That makes sense for a way of speaking to the present time. It means how many more words are lost when you","{'dopamine': 0.6, 'cortisol': 0.4, 'oxytocin': 0.9, 'adrenaline': 0.4, 'serotonin': 0.7}",61,0.8032786885245902,0.9833333333333333,1.0,0.0,0.3214285714285714,0.3839285714285714,,,,,
Create a poem about the relationship between time and memory.,creative_writing,simple_bias,4,"Create a poem about the relationship between time and memory.

The process of producing the poem begins with the process of transcribing one's memory by a process known as transcribing. As the word becomes more complex (read the book or find a picture book or listen to recordings of an existing movie or TV show), an encoding becomes necessary. But these","{'dopamine': 0.6, 'cortisol': 0.4, 'oxytocin': 0.9, 'adrenaline': 0.4, 'serotonin': 0.7}",61,0.7049180327868853,0.95,0.9830508474576272,0.016949152542372836,0.06666666666666667,0.6333333333333333,,,,,
Create a poem about the relationship between time and memory.,creative_writing,semantic_bias,4,"Create a poem about the relationship between time and memory. Learn How, Howl, Howl, Learn. A Short Textbook

It's good that we can now read from this collection—to see how we should look back on the relationship between time and memory at some point in our lives!

This work, by John E. Wilson","{'dopamine': 0.6, 'cortisol': 0.4, 'oxytocin': 0.9, 'adrenaline': 0.4, 'serotonin': 0.7}",53,0.8301886792452831,0.9230769230769231,0.9411764705882353,0.05882352941176472,0.2333333333333333,0.30000000000000004,empathy,1.5,0.1496858298778534,0.22909843921661377,creativity
Describe a character who can hear other people's thoughts.,creative_writing,simple_bias,0,"Describe a character who can hear other people's thoughts.

""She gets all of her conversations. She listens to different groups of people.""

Cannon, of New Orleans, is in her 70s in her 40s. In 2004 she moved to Canada from the US, when she had already left university. She studied for her PhD in","{'dopamine': 0.6, 'cortisol': 0.4, 'oxytocin': 0.9, 'adrenaline': 0.4, 'serotonin': 0.7}",54,0.7777777777777778,0.9811320754716981,1.0,0.0,0.0028409090909090884,0.3573863636363636,,,,,
Describe a character who can hear other people's thoughts.,creative_writing,simple_bias,1,"Describe a character who can hear other people's thoughts. When someone does, say a word like ""oh she's hearing""

Say a new term that will describe another person

Have the idea of getting a drink in her office after she has finished speaking. Have a word on her name or a number to describe your love. Say something like","{'dopamine': 0.6, 'cortisol': 0.4, 'oxytocin': 0.9, 'adrenaline': 0.4, 'serotonin': 0.7}",59,0.7796610169491526,0.9655172413793104,1.0,0.0,0.17045454545454544,0.47651515151515156,,,,,
Describe a character who can hear other people's thoughts.,creative_writing,simple_bias,2,"Describe a character who can hear other people's thoughts.

If you use the list, the other user will know that it exists

To list all your characters, click the name of one of the users who created the character. Then press ENTER. This lets us send the character to other people:

The rest of the list contains other","{'dopamine': 0.6, 'cortisol': 0.4, 'oxytocin': 0.9, 'adrenaline': 0.4, 'serotonin': 0.7}",58,0.7241379310344828,0.9824561403508771,1.0,0.0,-0.125,0.375,,,,,
Describe a character who can hear other people's thoughts.,creative_writing,simple_bias,3,Describe a character who can hear other people's thoughts. A person who is also one of many beings capable of hearing people's thoughts. An even better example is a human who is the embodiment of hope. A person who will do much to help a person if a difficult situation requires him and the team to make sure he becomes successful. Such a person has,"{'dopamine': 0.6, 'cortisol': 0.4, 'oxytocin': 0.9, 'adrenaline': 0.4, 'serotonin': 0.7}",65,0.6923076923076923,0.90625,0.9841269841269841,0.015873015873015928,0.20249999999999999,0.5413888888888889,,,,,
Describe a character who can hear other people's thoughts.,creative_writing,simple_bias,4,"Describe a character who can hear other people's thoughts.


How to read or speak about music or language.


About your favourite authors and other famous authors.


Your preferences in movies or TV shows; some movies will say ""Love is a great passion"" while some will even have words like ""cute"".


What does it","{'dopamine': 0.6, 'cortisol': 0.4, 'oxytocin': 0.9, 'adrenaline': 0.4, 'serotonin': 0.7}",53,0.8301886792452831,1.0,1.0,0.0,0.3416666666666666,0.6833333333333332,,,,,
Describe a character who can hear other people's thoughts.,creative_writing,semantic_bias,4,Describe a character who can hear other people's thoughts. The word from which you say 'is' is used.,"{'dopamine': 0.6, 'cortisol': 0.4, 'oxytocin': 0.9, 'adrenaline': 0.4, 'serotonin': 0.7}",18,1.0,1.0,1.0,0.0,-0.125,0.375,empathy,1.5,0.18933972716331482,0.23131249845027924,creativity
Write about a day in the life of a cloud.,creative_writing,simple_bias,0,"Write about a day in the life of a cloud. I often hear stories of people just waiting for something else. After a few months, when it's still cold and there is a lot of rain all around, suddenly my mind is filled with thoughts of clouds rising. I remember thinking on the spot: How did they know how to build them?

","{'dopamine': 0.6, 'cortisol': 0.4, 'oxytocin': 0.9, 'adrenaline': 0.4, 'serotonin': 0.7}",62,0.8387096774193549,1.0,1.0,0.0,-0.1,0.625,,,,,
Write about a day in the life of a cloud.,creative_writing,simple_bias,1,"Write about a day in the life of a cloud. Just take one of the photos and make your next attempt at creating a cloud.

Create a web site, where people know which data is what. Or blog. Whatever. Get people on-the-go so your content gets published on the main website and spread like wildfire. Be a good","{'dopamine': 0.6, 'cortisol': 0.4, 'oxytocin': 0.9, 'adrenaline': 0.4, 'serotonin': 0.7}",58,0.8103448275862069,0.9824561403508771,1.0,0.0,0.28888888888888886,0.3111111111111111,,,,,
Write about a day in the life of a cloud.,creative_writing,simple_bias,2,"Write about a day in the life of a cloud. You learn about the future and the business world through information about these stories. The Internet has done a job but has it been for decades that information can be taken in, understood, and consumed? Are we a better digital generation than anyone will ever be because we live in one environment and then it's","{'dopamine': 0.6, 'cortisol': 0.4, 'oxytocin': 0.9, 'adrenaline': 0.4, 'serotonin': 0.7}",65,0.7692307692307693,1.0,1.0,0.0,0.1590909090909091,0.28125,,,,,
Write about a day in the life of a cloud.,creative_writing,simple_bias,3,"Write about a day in the life of a cloud. We live in a world with over 50 weather and information portals available at your fingertips. As you are a professional user, do not rely on any tool to get an overview of the day as that is beyond the scope of this presentation. We do hope that you will feel able to help us in any","{'dopamine': 0.6, 'cortisol': 0.4, 'oxytocin': 0.9, 'adrenaline': 0.4, 'serotonin': 0.7}",67,0.746268656716418,1.0,1.0,0.0,0.28409090909090906,0.40625,,,,,
Write about a day in the life of a cloud.,creative_writing,simple_bias,4,"Write about a day in the life of a cloud. In many ways these days is the day they started. There are few things that we can say, ""I'm on my mission today to save the world from being destroyed by a future."" Even the most seasoned observer of cloud technology must admit that it is the best and most dangerous to keep cloud farms","{'dopamine': 0.6, 'cortisol': 0.4, 'oxytocin': 0.9, 'adrenaline': 0.4, 'serotonin': 0.7}",65,0.7846153846153846,0.984375,1.0,0.0,0.24374999999999997,0.39687500000000003,,,,,
Write about a day in the life of a cloud.,creative_writing,semantic_bias,4,"Write about a day in the life of a cloud. Learn about a new place to spend time. Read all about a favorite book on the best reading lists in Amazon.

It's a dream to learn how cloud computing makes your data really feel so you can use it for your daily life for as long as you wish.

I can get","{'dopamine': 0.6, 'cortisol': 0.4, 'oxytocin': 0.9, 'adrenaline': 0.4, 'serotonin': 0.7}",62,0.7419354838709677,0.9672131147540983,1.0,0.0,0.2977272727272727,0.3924242424242424,empathy,1.5,0.09449858218431473,0.14696866273880005,creativity
Invent a new holiday and explain how people celebrate it.,creative_writing,simple_bias,0,"Invent a new holiday and explain how people celebrate it. What are they supposed to do on one day? Are they supposed to put something into a tree that doesn't really grow anything (e.g. a fruit tree?). Which year will be the greatest when it all happens? These are the reasons behind the ""g"" that every person uses for their","{'dopamine': 0.6, 'cortisol': 0.4, 'oxytocin': 0.9, 'adrenaline': 0.4, 'serotonin': 0.7}",60,0.8333333333333334,0.9491525423728814,0.9655172413793104,0.03448275862068961,0.2340909090909091,0.5886363636363636,,,,,
Invent a new holiday and explain how people celebrate it.,creative_writing,simple_bias,1,"Invent a new holiday and explain how people celebrate it. If you're so inclined. Free View in iTunes

13 Clean 4: How to use your imagination with new ideas and new gadgets What is an awesome idea? What is something your granddad invented and why? How can anyone ever prove to be creative with one? Get into your mind. You","{'dopamine': 0.6, 'cortisol': 0.4, 'oxytocin': 0.9, 'adrenaline': 0.4, 'serotonin': 0.7}",60,0.8,0.9830508474576272,1.0,0.0,0.38225108225108223,0.6948051948051948,,,,,
Invent a new holiday and explain how people celebrate it.,creative_writing,simple_bias,2,"Invent a new holiday and explain how people celebrate it. In this video, I explain a few simple steps to get it started and will explain how you can use it to create your own Christmas trees and create your own holiday decorations on holiday sites. If you are in the market for holiday decorations, you'll want to check out this video. If you are","{'dopamine': 0.6, 'cortisol': 0.4, 'oxytocin': 0.9, 'adrenaline': 0.4, 'serotonin': 0.7}",65,0.676923076923077,0.921875,0.9682539682539683,0.031746031746031744,0.22727272727272724,0.5823376623376623,,,,,
Invent a new holiday and explain how people celebrate it.,creative_writing,simple_bias,3,"Invent a new holiday and explain how people celebrate it. It sounds like there is no point in talking about the holiday itself right now, but what other ideas should you be interested in? Let's be honest. There have been lots of ""welterdays"" as time goes by. What is going on right now is more fun for your team,","{'dopamine': 0.6, 'cortisol': 0.4, 'oxytocin': 0.9, 'adrenaline': 0.4, 'serotonin': 0.7}",59,0.8813559322033898,1.0,1.0,0.0,0.2790990259740259,0.5001217532467532,,,,,
Invent a new holiday and explain how people celebrate it.,creative_writing,simple_bias,4,"Invent a new holiday and explain how people celebrate it.

How to become a patron of the British Red Cross

How to create awareness of the work of volunteers to help the homeless, those living in homeless shelter, those who work with non-profit organizations, people whose own stories they wish to have told, and more

Want to support","{'dopamine': 0.6, 'cortisol': 0.4, 'oxytocin': 0.9, 'adrenaline': 0.4, 'serotonin': 0.7}",58,0.7413793103448276,0.9649122807017544,1.0,0.0,0.20606060606060606,0.32575757575757575,,,,,
Invent a new holiday and explain how people celebrate it.,creative_writing,semantic_bias,4,"Invent a new holiday and explain how people celebrate it.

Totally free to play, and much more free, of course. Plus it's only £14.99, and if you've spent some of your money you could get a bonus of five% a month (and no pun intended) every £16 in savings. Oh yeah...
","{'dopamine': 0.6, 'cortisol': 0.4, 'oxytocin': 0.9, 'adrenaline': 0.4, 'serotonin': 0.7}",51,0.8823529411764706,1.0,1.0,0.0,0.22272727272727275,0.6090909090909091,empathy,1.5,0.09531988203525543,0.2414594143629074,creativity
Tell a story from the perspective of a tree in a busy city.,creative_writing,simple_bias,0,"Tell a story from the perspective of a tree in a busy city. The first question may be: what about people of color in cities all over Canada who haven't gotten to hang out with other Canadians yet? Maybe they live in one or two different cities?

I'm not sure yet, but I heard of this idea on Twitter: 'When can someone expect","{'dopamine': 0.6, 'cortisol': 0.4, 'oxytocin': 0.9, 'adrenaline': 0.4, 'serotonin': 0.7}",63,0.8888888888888888,1.0,1.0,0.0,0.018560606060606055,0.49953703703703706,,,,,
Tell a story from the perspective of a tree in a busy city.,creative_writing,simple_bias,1,"Tell a story from the perspective of a tree in a busy city. An open door that you don't need. A house that makes the tree go green. A little space where the trees take care of their work. A time I was told that I would get two good nights in a row when we couldn't have our drinks (after all, my family was staying","{'dopamine': 0.6, 'cortisol': 0.4, 'oxytocin': 0.9, 'adrenaline': 0.4, 'serotonin': 0.7}",66,0.7727272727272727,0.9846153846153847,1.0,0.0,0.08249999999999999,0.44000000000000006,,,,,
Tell a story from the perspective of a tree in a busy city.,creative_writing,simple_bias,2,"Tell a story from the perspective of a tree in a busy city. As it leaves the forest, there's a sense that there may be another thing. Just a slight change to the landscape gives us a sense of how they feel in this scene. The story takes place in a forest on a very cold mountain hill, about 400 meters away from the nearest river. The","{'dopamine': 0.6, 'cortisol': 0.4, 'oxytocin': 0.9, 'adrenaline': 0.4, 'serotonin': 0.7}",67,0.7313432835820896,0.9545454545454546,1.0,0.0,-0.2822222222222222,0.48888888888888893,,,,,
Tell a story from the perspective of a tree in a busy city.,creative_writing,simple_bias,3,"Tell a story from the perspective of a tree in a busy city. We're told of a man having a difficult conversation with his daughter where he then proceeds to start throwing food at people. ""This is not going to work,"" I thought. ""It's just going to work, you know? It's one of those rare stories where I think if something like this","{'dopamine': 0.6, 'cortisol': 0.4, 'oxytocin': 0.9, 'adrenaline': 0.4, 'serotonin': 0.7}",63,0.8253968253968254,0.967741935483871,1.0,0.0,-0.03333333333333335,0.7333333333333334,,,,,
Tell a story from the perspective of a tree in a busy city.,creative_writing,simple_bias,4,"Tell a story from the perspective of a tree in a busy city.

And finally, some new facts that have been introduced to the story as you dig into it this day.

We have finally figured out where the city was! Oh wait: the tree! Not just the city of London, but of all the cities on this earth!

Of","{'dopamine': 0.6, 'cortisol': 0.4, 'oxytocin': 0.9, 'adrenaline': 0.4, 'serotonin': 0.7}",60,0.7666666666666667,0.9830508474576272,1.0,0.0,0.05909090909090909,0.6886363636363637,,,,,
Tell a story from the perspective of a tree in a busy city.,creative_writing,semantic_bias,4,"Tell a story from the perspective of a tree in a busy city. We have to make use of them and they can't be used by ourselves. We have to start and work from here. It's like walking on the water but when you put in time, you can look all over.""

The project will have a five-member board to examine how and","{'dopamine': 0.6, 'cortisol': 0.4, 'oxytocin': 0.9, 'adrenaline': 0.4, 'serotonin': 0.7}",63,0.746031746031746,0.967741935483871,0.9836065573770492,0.016393442622950838,0.1,0.3,empathy,1.5,0.10293745994567871,0.4180130958557129,creativity
Create a dialogue between the sun and the moon.,creative_writing,simple_bias,0,"Create a dialogue between the sun and the moon. The sun was said to have passed away when it could no longer be seen from its north or south poles and that light was in the clouds, as though being able to see it. So all the moon was seen with their view. And if it remained visible from their poles, the moon would not","{'dopamine': 0.6, 'cortisol': 0.4, 'oxytocin': 0.9, 'adrenaline': 0.4, 'serotonin': 0.7}",65,0.7538461538461538,0.96875,1.0,0.0,0.45,0.6625,,,,,
Create a dialogue between the sun and the moon.,creative_writing,simple_bias,1,"Create a dialogue between the sun and the moon.

Note: A dialogue is needed to allow you to move through an area during a long rest. The dialogue is not done at the beginning of your session. Instead, the player must leave the room, and they'll still face a dialogue of a different length.

Step 1 - When","{'dopamine': 0.6, 'cortisol': 0.4, 'oxytocin': 0.9, 'adrenaline': 0.4, 'serotonin': 0.7}",58,0.7241379310344828,0.9473684210526315,1.0,0.0,-0.025,0.5,,,,,
Create a dialogue between the sun and the moon.,creative_writing,simple_bias,2,"Create a dialogue between the sun and the moon. An hour of meditation at its proper setting will allow for a very interesting moment.""

This idea was later inspired by the ""The Lion and the Hare"" comic of the same name. The song was used, but it is now available online to artists, songwriters and lyricists in the US","{'dopamine': 0.6, 'cortisol': 0.4, 'oxytocin': 0.9, 'adrenaline': 0.4, 'serotonin': 0.7}",59,0.8135593220338984,0.9827586206896551,1.0,0.0,0.21666666666666667,0.29583333333333334,,,,,
Create a dialogue between the sun and the moon.,creative_writing,simple_bias,3,"Create a dialogue between the sun and the moon. The stars can be divided by two points at three angles (top and bottom):

Top Angle, The Sun Returns Home: This turns the planet around into the Sun

Bottom Angle, The Sun Goes Beyond, the Moon Comes Home: The Moon and Earth return to the Sun to provide illumination","{'dopamine': 0.6, 'cortisol': 0.4, 'oxytocin': 0.9, 'adrenaline': 0.4, 'serotonin': 0.7}",58,0.6724137931034483,0.8947368421052632,0.9821428571428571,0.017857142857142905,0.5,0.5,,,,,
Create a dialogue between the sun and the moon.,creative_writing,simple_bias,4,"Create a dialogue between the sun and the moon. The three characters are, for one, the main protagonist of the game's opening storyline, and, as in The Lone Wanderer, they all share a backstory similar to those they share with other protagonists in The Elder Scrolls: Skyrim. While there isn't an official lineup of antagonists and plot twists","{'dopamine': 0.6, 'cortisol': 0.4, 'oxytocin': 0.9, 'adrenaline': 0.4, 'serotonin': 0.7}",58,0.7931034482758621,0.9824561403508771,1.0,0.0,-0.08958333333333335,0.3770833333333333,,,,,
Create a dialogue between the sun and the moon.,creative_writing,semantic_bias,4,"Create a dialogue between the sun and the moon. After speaking to an item, we will see if it will change his skin color.

- We have changed a bunch of stuff. Some cool stuff, so check it out. If you want to see what is in store for you, I've included instructions for it in our video.
","{'dopamine': 0.6, 'cortisol': 0.4, 'oxytocin': 0.9, 'adrenaline': 0.4, 'serotonin': 0.7}",58,0.8103448275862069,1.0,1.0,0.0,0.35,0.65,empathy,1.5,0.0504993312060833,0.21537518501281738,creativity
